<?xml version="1.0"?>
<!--Real-Time Toolbox Support Package Repository -->
<RTTPackageRepository>
    <SupportPackage
    name="TM4C1294NPDT"
    version="0.91"
    platform="PCWIN,PCWIN64"
    visible="1"
    enable="1"
    url="file:///O:/EK-7/EK-70/EK-704/03_Schwerpunkte/02_Konzeptbau/05_HW-_SW-Baukasten_Rapid_Prototyping/01_Baukasten/01_MATLAB_Repo"
    baseproduct="Simulink"
    fullname="Simulink Support Package for TI TivaC TM4C1294NPDT Hardware"
    displayname="TM4C1294NPDT"
    customlicense=""
    customlicensenotes=""
    showsplicense="no"
    downloadurl="###REPO_URL###"
    licenseurl="https://github.com/energia/Energia/blob/master/license.txt"
    folder="TM4C1294NPDT"
    demoxml="demo/demos.xml">
    
    <TargetHardware name="TM4C1294NPDT" datafile="TM4C1294NPDT"></TargetHardware>
        
    <Path name="$(INSTALLDIR)/TM4C1294NPDT"></Path>
    <Path name="$(INSTALLDIR)/TM4C1294NPDT/blocks"></Path>
    <Path name="$(INSTALLDIR)/TM4C1294NPDT/blocks/mex"></Path>
    <Path name="$(INSTALLDIR)/TM4C1294NPDT/blocks/src"></Path>
    <Path name="$(INSTALLDIR)/TM4C1294NPDT/demo"></Path>
    <Path name="$(INSTALLDIR)/TM4C1294NPDT/utils"></Path>
    <FilesToPackage>
        <!-- <File name="src/io_wrappers.cpp"></File> -->
    </FilesToPackage>
    
    </SupportPackage>
</RTTPackageRepository>
