<?xml version="1.0" encoding="utf-8"?>
<!--    -->
<demos>
    <name>TI Stellaris LaunchPad RoTH Support Package</name>
    <type>simulink</type>
    <icon>HelpIcon.DEMOS</icon>
    <description isCdata="no">
        <p>Demo projects that use TI Stellaris LaunchPad RoTH Support Package</p>
    </description>
    <website>
        <a href="http://bit.ly/sippey_roth_repo">
            More RoTH Support Packages&#032;
            <img src="html/demo_arrow.png" border="none" alt="arrow" align="middle"></img>
        </a>
    </website>     
    <demosection>
        <label>Examples</label>
        <demoitem>
            <label>Random blink of onboard RGB LED</label>
            <type>model</type>
            <source>stellaris_lp_blink_rand</source>
            <file>html/stellaris_lp_blink_rand.html</file>
        </demoitem>
        <demoitem>
            <label>PWM Output Generation</label>
            <type>model</type>
            <source>stellaris_lp_pwm</source>
            <file>html/stellaris_lp_pwm.html</file>
        </demoitem>
        <demoitem>
            <label>Using AD Converter and Debug Print</label>
            <type>model</type>
            <source>stellaris_lp_adc</source>
            <file>html/stellaris_lp_adc.html</file>
        </demoitem>
        <demoitem>
            <label>Using Advanced Debug Print Block</label>
            <type>model</type>
            <source>stellaris_lp_print2_doc</source>
            <file>html/stellaris_lp_print2_doc.html</file>
        </demoitem>
        <demoitem>
            <label>Remote controlled LED Blink</label>
            <type>model</type>
            <source>stellaris_lp_blink_rc</source>
            <file>html/stellaris_lp_blink_rc.html</file>
        </demoitem>
        <demoitem>
            <label>External Mode Demo</label>
            <type>model</type>
            <source>stellaris_lp_extmode</source>
            <file>html/stellaris_lp_extmode.html</file>
        </demoitem>
        <demoitem>
            <label>Accelerometer Demo</label>
            <type>model</type>
            <source>stellaris_lp_gmeter</source>
            <file>html/stellaris_lp_gmeter.html</file>
        </demoitem> 
        <demoitem>
            <label>Digital Accelerometer/Gyroscope Demo</label>
            <type>model</type>
            <source>stellaris_lp_gmeter_MPU6050</source>
            <file>html/stellaris_lp_gmeter_MPU6050.html</file>
        </demoitem>    
        <demoitem>
            <label>IR Remote Receiver Demo</label>
            <type>model</type>
            <source>stellaris_lp_irreceive</source>
            <file>html/stellaris_lp_irreceive.html</file>
        </demoitem>   
        <demoitem>
            <label>LS7366R Encoder Interface Demo</label>
            <type>model</type>
            <source>stellaris_lp_7366r</source>
            <file>html/stellaris_lp_7366r.html</file>
        </demoitem>
        <demoitem>
            <label>Motor Control Demo </label>
            <type>model</type>
            <source>stellaris_lp_motorctrl</source>
            <file>html/stellaris_lp_motorctrl.html</file>
        </demoitem>    
        <demoitem>
            <label>Onboard Switch Demo </label>
            <type>model</type>
            <source>stellaris_lp_switch</source>
            <file>html/stellaris_lp_switch.html</file>
        </demoitem>
    </demosection>
    <!-- Examples -->
</demos>

<!-- LocalWords:  gettingstarted stellaris launchpad ti random_blink
-->
