<?xml version="1.0"?>
<!--Real-Time Toolbox Support Package Repository -->
<RTTPackageRepository>
    <ThirdPartyPackage name="Energia Software" url="">
        <Platform name="PCWIN,PCWIN64" version="1" filename="" destdir="energia-0101E0014" 
                  installer="" archive="energia-0101E0014.zip" 
                  downloadurl="https://github.com/dakmord/RPS/releases/download/0.8"
                  installcmd="matlab:unzip('$(DOWNLOADDIR)$(FILESEP)$(ARCHIVE)', '$(INSTALLDIR)')" 
                  removecmd="" 
                  licenseurl="https://github.com/energia/Energia/blob/master/license.txt">
        </Platform> 
       
    </ThirdPartyPackage>
    
    <!-- <ThirdPartyPackage name="TI ARM Toolchain" url="http://processors.wiki.ti.com/index.php/Compiler_Releases">
        <Platform name="ALL" version="5.01" filename="" destdir="ti_armcc" 
                  installer="" archive="ti_arm_5.0.1.zip" 
                  downloadurl="http://web-service.sippey.org/matlab_repo/thirdparty"
                  installcmd="matlab:unzip('$(DOWNLOADDIR)$(FILESEP)$(ARCHIVE)', '$(INSTALLDIR)')" 
                  removecmd="" 
                  licenseurl="http://web-service.sippey.org/matlab_repo/license/ti_armcc_LICENSE.txt">
        </Platform> 
    </ThirdPartyPackage>
    <ThirdPartyPackage name="StellarisWare Essential Files" url="http://www.ti.com/tool/sw-tm4c">
        <Platform name="ALL" version="0.9453" filename="" destdir="StellarisWare_lite" 
                  installer="" archive="StellarisWare_lite_9453.zip" 
                  downloadurl="http://web-service.sippey.org/matlab_repo/thirdparty"
                  installcmd="matlab:unzip('$(DOWNLOADDIR)$(FILESEP)$(ARCHIVE)', '$(INSTALLDIR)')" 
                  removecmd="" 
                  licenseurl="http://web-service.sippey.org/matlab_repo/license/StellarisWare_TI-BSD-EULA.txt">
        </Platform> 
    </ThirdPartyPackage>-->
</RTTPackageRepository>


