<?xml version="1.0"?>
<!--Real-Time Toolbox Support Package Repository -->
<RTTPackageRepository>
    <!-- <ThirdPartyPackage name="No TP Pkg" url="">
        <Platform name="ALL" version="1" filename="" destdir="StellarisLP" 
                  installer="" archive="" 
                  downloadurl="http://creativecommons.org/licenses/by-nc-sa/3.0/"
                  installcmd="matlab:disp('No third party package to install.')" 
                  removecmd="" 
                  licenseurl="">
        </Platform> 
       
    </ThirdPartyPackage> -->
    
    <!-- <ThirdPartyPackage name="TI ARM Toolchain" url="http://processors.wiki.ti.com/index.php/Compiler_Releases">
        <Platform name="ALL" version="5.01" filename="" destdir="ti_armcc" 
                  installer="" archive="ti_arm_5.0.1.zip" 
                  downloadurl="http://web-service.sippey.org/matlab_repo/thirdparty"
                  installcmd="matlab:unzip('$(DOWNLOADDIR)$(FILESEP)$(ARCHIVE)', '$(INSTALLDIR)')" 
                  removecmd="" 
                  licenseurl="http://web-service.sippey.org/matlab_repo/license/ti_armcc_LICENSE.txt">
        </Platform> 
    </ThirdPartyPackage>
    <ThirdPartyPackage name="StellarisWare Essential Files" url="http://www.ti.com/tool/sw-tm4c">
        <Platform name="ALL" version="0.9453" filename="" destdir="StellarisWare_lite" 
                  installer="" archive="StellarisWare_lite_9453.zip" 
                  downloadurl="http://web-service.sippey.org/matlab_repo/thirdparty"
                  installcmd="matlab:unzip('$(DOWNLOADDIR)$(FILESEP)$(ARCHIVE)', '$(INSTALLDIR)')" 
                  removecmd="" 
                  licenseurl="http://web-service.sippey.org/matlab_repo/license/StellarisWare_TI-BSD-EULA.txt">
        </Platform> 
    </ThirdPartyPackage>-->
</RTTPackageRepository>


