<?xml version="1.0"?>
<!--Real-Time Toolbox Support Package Repository -->
<RTTPackageRepository>
    <SupportPackage
    name="TM4C1294NPDT"
    version="0.71"
    platform="PCWIN,PCWIN64"
    visible="1"
    enable="1"
    url="C:\Users\q365198\Documents\Rapid-Prototyping-System\rps\hwinstaller"
    baseproduct="Simulink"
    fullname="Simulink Support Package for TI TivaC TM4C1294NPDT Hardware"
    displayname="TM4C1294NPDT"
    customlicense=""
    customlicensenotes=""
    showsplicense="no"
    downloadurl="###REPO_URL###"
    licenseurl="http://creativecommons.org/licenses/by-nc-sa/3.0/"
    folder="TM4C1294NPDT"
    demoxml="demo/demos.xml">
    
    <TargetHardware name="TM4C1294NPDT" datafile="TM4C1294NPDT"></TargetHardware>
        
    <Path name="$(INSTALLDIR)/TM4C1294NPDT"></Path>
    <Path name="$(INSTALLDIR)/TM4C1294NPDT/blocks"></Path>
    <Path name="$(INSTALLDIR)/TM4C1294NPDT/blocks/mex"></Path>
    <Path name="$(INSTALLDIR)/TM4C1294NPDT/demo"></Path>
    <Path name="$(INSTALLDIR)/TM4C1294NPDT/utils"></Path>
    <FilesToPackage>
        <!-- <File name="src/io_wrappers.cpp"></File> -->
    </FilesToPackage>
    
    </SupportPackage>
</RTTPackageRepository>
